{"in":[
        [38.481012658227854, 11.898734177215182], [47.21518987341773, 11.898734177215182], [47.21518987341773, 7.088607594936704], 
        [68.35443037974684, 7.088607594936704], [68.35443037974684, 12.278481012658219], [99.24050632911393, 12.151898734177209], 
        [99.11392405063292, 14.936708860759488], [88.73417721518987, 14.936708860759488], [88.73417721518987, 27.34177215189873], 
        [38.22784810126583, 27.46835443037974]
      ],
      "out": [
        [[40.50632911392405, 24.68354430379746], [40.50632911392405, 14.177215189873415], [52.025316455696206, 14.177215189873415], 
         [52.151898734177216, 17.34177215189873], [54.55696202531646, 17.34177215189873], [54.55696202531646, 24.68354430379746]],
        [[61.64556962025317, 24.430379746835435], [68.60759493670886, 24.430379746835435], [68.60759493670886, 15.443037974683541], 
         [65.18987341772153, 15.443037974683541], [61.898734177215196, 17.215189873417714], [59.493670886075954, 20.37974683544303], 
         [59.367088607594944, 23.0379746835443]],
        [[72.40506329113924, 24.81012658227848], [72.40506329113924, 17.088607594936704], [75.18987341772153, 17.088607594936704], 
         [75.0632911392405, 14.303797468354425], [86.70886075949367, 14.303797468354425], [86.70886075949367, 24.936708860759488]]
      ]}